{"0.5322280515692106":{"user_id":5},"0.9811994555966208":{"user_id":5},"0.7516256964784438":{"user_id":5},"0.6857015016967101":{"user_id":5},"0.9514319093559584":{"user_id":5},"0.9577981703537946":{"user_id":5}}